<?xml version="1.0" encoding="UTF-8"?>
<portlet-app xmlns="http://java.sun.com/xml/ns/portlet/portlet-app_1_0.xsd" version="1.0" xmlns:xsi="http://www.w3.org/2001/XMLSchema-instance" xsi:schemaLocation="http://java.sun.com/xml/ns/portlet/portlet-app_1_0.xsd http://java.sun.com/xml/ns/portlet/portlet-app_1_0.xsd" id="com.comarch.draco.portlets.DRACOEditAccountPortlet.1ac7289f71">
	<portlet>
		<portlet-name>DRACOEditAccountPortlet</portlet-name>
		<display-name xml:lang="pl">DRACOEditAccountPortlet</display-name>
		<display-name>DRACOEditAccountPortlet</display-name>
		<portlet-class>com.comarch.draco.portlets.DRACOEditAccountPortlet</portlet-class>
		<expiration-cache>0</expiration-cache>
		<supports>
			<mime-type>text/html</mime-type>
			<portlet-mode>view</portlet-mode>
		</supports>
		<supported-locale>pl</supported-locale>
		<resource-bundle>com.comarch.draco.portlets.nl.DRACOEditAccountPortletResource</resource-bundle>
		<portlet-info>
			<title>DRACOEditAccountPortlet</title>
			<short-title>DRACOEditAccountPortlet</short-title>
			<keywords>DRACOEditAccountPortlet</keywords>
		</portlet-info>
	</portlet>
</portlet-app>
