<?xml version="1.0" encoding="UTF-8"?>
<portlet-app xmlns="http://java.sun.com/xml/ns/portlet/portlet-app_1_0.xsd" version="1.0" xmlns:xsi="http://www.w3.org/2001/XMLSchema-instance" xsi:schemaLocation="http://java.sun.com/xml/ns/portlet/portlet-app_1_0.xsd http://java.sun.com/xml/ns/portlet/portlet-app_1_0.xsd" id="com.comarch.draco.portlets.DRACOShowUserPrivsPortlet.4a5fd28f71">
	<portlet>
		<portlet-name>DRACOShowUserPrivsPortlet</portlet-name>
		<display-name xml:lang="pl">DRACOShowUserPrivsPortlet</display-name>
		<display-name>DRACOShowUserPrivsPortlet</display-name>
		<portlet-class>com.comarch.draco.portlets.DRACOShowUserPrivsPortlet</portlet-class>
		<expiration-cache>0</expiration-cache>
		<supports>
			<mime-type>text/html</mime-type>
			<portlet-mode>view</portlet-mode>
			<portlet-mode>edit</portlet-mode>
			<portlet-mode>help</portlet-mode>
		</supports>
		<supported-locale>pl</supported-locale>
		<resource-bundle>com.comarch.draco.portlets.nl.DRACOShowUserPrivsPortletResource</resource-bundle>
		<portlet-info>
			<title>DRACOShowUserPrivsPortlet</title>
			<short-title>DRACOShowUserPrivsPortlet</short-title>
			<keywords>DRACOShowUserPrivsPortlet</keywords>
		</portlet-info>
	</portlet>
</portlet-app>
