<?xml version="1.0" encoding="UTF-8"?>
<portlet-app xmlns="http://java.sun.com/xml/ns/portlet/portlet-app_1_0.xsd" 
version="1.0" 
xmlns:xsi="http://www.w3.org/2001/XMLSchema-instance" 
xsi:schemaLocation="http://java.sun.com/xml/ns/portlet/portlet-app_1_0.xsd http://java.sun.com/xml/ns/portlet/portlet-app_1_0.xsd" 
id="com.comarch.draco.portlets.DRACORegisterAccountPortlet.985b63fe71">
	<portlet>
		<portlet-name>DRACORegisterAccountPortlet</portlet-name>
		<display-name xml:lang="pl">DRACORegisterAccountPortlet</display-name>
		<display-name>DRACORegisterAccountPortlet</display-name>
		<portlet-class>com.comarch.draco.portlets.DRACORegisterAccountPortlet</portlet-class>
		<expiration-cache>0</expiration-cache>
		<supports>
			<mime-type>text/html</mime-type>
			<portlet-mode>view</portlet-mode>
			<portlet-mode>help</portlet-mode>
			<portlet-mode>edit</portlet-mode>
		</supports>
		<supported-locale>pl</supported-locale>
		
		<resource-bundle>com.comarch.draco.portlets.nl.DRACORegisterAccountPortletResource</resource-bundle>
		<portlet-info>
			<title>DRACORegisterAccountPortlet</title>
			<short-title>DRACORegisterAccountPortlet</short-title>
			<keywords>DRACORegisterAccountPortlet</keywords>
		</portlet-info>
		
	</portlet>
</portlet-app>
